{"cameraMode":{"drawMode":0,"name":"Shaded","section":"Shading Mode"},"sceneLighting":true,"audioPlay":false,"sceneViewState":{"m_AlwaysRefresh":false,"showFog":true,"showSkybox":true,"showFlares":true,"showImageEffects":true,"showParticleSystems":true,"showVisualEffectGraphs":true,"m_FxEnabled":true},"in2DMode":false,"pivot":{"x":2.068540096282959,"y":-2.4862098693847658,"z":20.526952743530275},"rotation":{"x":-0.09898940473794937,"y":-0.056095536798238757,"z":0.005597700364887714,"w":-0.9935027956962586},"size":10.449999809265137,"orthographic":false}